conjuntoMuestras,codigoExterno,LOCUS1_1,LOCUS1_2,LOCUS2_1,LOCUS2_2,LOCUS3_1,LOCUS3_2,LOCUS4_1,LOCUS4_2,LOCUS5_1,LOCUS5_2,LOCUS6_1,LOCUS6_2,LOCUS7_1,LOCUS7_2,LOCUS8_1,LOCUS8_2
CONJUNTO1,EXT1,256,270,268,285,?,?,325,327,139,139,237,237,98,98,213,213
CONJUNTO1,EXT2,242,242,194,194,280,284,320,320,158,160,209,209,104,104,207,207
CONJUNTO1,EXT3,240,240,194,194,272,276,321,323,150,150,209,209,103,105,204,204
CONJUNTO1,EXT4,265,265,194,194,280,284,318,320,150,150,209,209,98,98,207,207
CONJUNTO1,EXT5,254,254,?,?,284,284,320,322,152,156,?,?,100,104,207,207
CONJUNTO1,EXT6,265,265,190,190,284,284,320,320,156,160,209,209,104,104,207,207
CONJUNTO1,EXT7,?,?,240,240,272,276,321,323,150,152,205,205,104,106,207,215
CONJUNTO1,EXT8,269,275,240,?,280,284,318,320,174,174,205,205,110,110,215,215
CONJUNTO1,EXT9,257,275,280,190,279,279,214,214,170,170,220,220,98,98,220,220
CONJUNTO1,EXT10,236,236,188,192,300,300,320,326,?,?,259,259,98,98,259,259
CONJUNTO1,EXT11,?,?,188,192,279,279,?,?,174,174,209,209,?,?,208,208
CONJUNTO1,EXT12,265,271,192,192,277,277,320,318,?,?,209,209,103,103,207,207
CONJUNTO1,EXT13,265,275,188,194,173,173,320,324,152,152,211,211,107,113,207,207
CONJUNTO1,EXT14,255,255,185,192,153,153,320,322,?,?,?,?,98,98,209,209
CONJUNTO1,EXT15,269,275,177,192,280,280,194,200,150,152,237,237,100,104,209,209
CONJUNTO1,EXT16,272,272,264,264,275,280,276,276,156,156,215,215,98,98,209,209
CONJUNTO1,EXT17,?,?,190,190,250,250,276,276,150,152,237,237,106,106,209,209
CONJUNTO1,EXT18,?,?,258,280,165,165,320,320,153,153,237,237,104,104,209,209
CONJUNTO1,EXT19,224,224,266,268,269,285,320,320,152,160,209,209,105,105,209,209
CONJUNTO1,EXT20,261,275,202,202,277,283,320,318,150,152,237,237,104,106,209,209
CONJUNTO1,EXT21,255,270,202,202,277,282,318,320,152,152,237,237,98,98,207,209
CONJUNTO1,EXT22,261,269,194,202,277,277,318,318,139,139,238,238,104,104,209,211
CONJUNTO1,EXT23,?,?,202,202,244,277,320,320,154,156,236,236,104,104,209,209
CONJUNTO1,EXT24,243,256,174,178,269,273,320,323,145,152,?,?,104,104,203,209
CONJUNTO1,EXT25,247,265,202,202,271,271,300,312,152,152,237,237,?,?,209,209
CONJUNTO1,EXT26,269,275,?,?,?,?,?,?,170,170,237,237,104,104,209,209
CONJUNTO1,EXT27,264,264,265,265,?,?,318,318,143,153,237,237,104,104,203,209
CONJUNTO1,EXT28,238,269,?,?,?,?,320,320,150,152,?,?,95,104,209,209
CONJUNTO1,EXT29,255,265,269,269,240,280,320,322,152,162,237,237,106,106,209,209
CONJUNTO1,EXT30,?,?,192,192,240,280,305,305,150,150,237,237,106,126,209,209
CONJUNTO1,EXT31,264,268,194,194,270,300,321,321,138,138,237,237,101,101,208,208
CONJUNTO1,EXT32,264,272,192,194,298,330,321,321,150,152,237,237,101,101,208,208
CONJUNTO1,EXT33,256,268,268,272,264,286,168,189,152,160,237,237,104,104,209,209
CONJUNTO1,EXT34,272,272,190,190,270,270,156,168,?,?,?,?,99,99,194,208
CONJUNTO1,EXT35,269,269,192,192,?,?,197,177,154,156,247,251,95,95,190,192
CONJUNTO1,EXT36,262,268,?,?,274,274,320,320,143,152,237,237,100,116,208,208
CONJUNTO1,EXT37,254,270,190,190,276,300,164,202,152,154,235,237,95,99,206,208
CONJUNTO1,EXT38,269,269,190,190,272,272,168,189,135,135,235,235,95,99,208,208
CONJUNTO1,EXT39,261,277,265,265,265,265,320,326,150,150,237,237,104,106,187,194
CONJUNTO1,EXT40,272,278,273,273,270,274,323,323,152,152,237,237,94,99,189,208
CONJUNTO1,EXT41,262,268,210,210,262,270,177,190,150,?,209,209,100,107,209,209
CONJUNTO1,EXT42,261,267,262,262,262,262,319,321,150,150,?,?,99,99,189,208
CONJUNTO1,EXT43,256,266,?,?,266,274,318,320,?,?,?,?,103,103,?,?
CONJUNTO1,EXT44,250,268,194,194,290,290,320,320,150,150,236,236,103,103,208,210
CONJUNTO1,EXT45,268,282,268,268,267,267,320,320,152,152,236,238,100,100,207,207
CONJUNTO1,EXT46,256,272,256,268,256,267,327,327,152,152,236,238,103,105,?,?
CONJUNTO1,EXT47,264,278,192,192,286,286,285,285,152,160,319,321,103,103,208,208
CONJUNTO1,EXT48,286,286,285,285,286,286,320,323,150,152,209,209,103,103,208,210
CONJUNTO1,EXT49,260,268,190,190,268,268,323,323,148,148,237,237,100,100,208,208
CONJUNTO1,EXT50,272,272,?,?,286,286,320,320,156,156,239,239,103,103,208,208
CONJUNTO1,EXT51,262,272,260,260,260,260,320,320,150,154,209,209,103,103,208,208
CONJUNTO1,EXT52,280,292,194,194,194,194,320,320,150,150,207,207,94,100,188,206
CONJUNTO1,EXT53,259,269,?,?,290,323,321,321,154,156,237,239,94,103,194,194
CONJUNTO1,EXT54,264,274,?,?,290,323,321,321,135,135,?,?,103,106,194,210
CONJUNTO1,EXT55,269,278,260,260,279,279,321,321,150,152,237,237,106,106,194,194
CONJUNTO1,EXT56,251,272,192,194,264,322,321,323,152,156,236,238,99,99,194,194
CONJUNTO1,EXT57,261,267,272,276,298,298,321,321,237,237,237,239,?,?,208,208
CONJUNTO1,EXT58,265,270,?,?,288,288,316,320,152,160,237,237,103,103,208,208
CONJUNTO1,EXT59,259,278,296,300,256,264,318,318,162,162,237,237,103,105,208,208
CONJUNTO1,EXT60,267,271,194,194,268,272,319,319,150,150,237,237,103,103,208,208
CONJUNTO2,EXT61,259,272,264,268,258,266,321,325,152,162,237,237,103,103,208,208
CONJUNTO2,EXT62,257,282,272,272,260,260,321,321,154,156,237,237,99,103,208,210
CONJUNTO2,EXT63,272,278,?,?,262,262,321,323,150,152,?,?,99,103,208,208
CONJUNTO2,EXT64,261,269,240,240,290,290,321,323,150,152,235,235,103,103,208,208
CONJUNTO2,EXT65,268,272,194,194,290,290,321,321,150,152,237,237,?,?,208,208
CONJUNTO2,EXT66,256,256,?,?,214,214,321,321,152,152,239,239,?,?,208,208
CONJUNTO2,EXT67,264,272,272,280,276,280,321,325,143,152,239,239,103,103,208,208
CONJUNTO2,EXT68,272,280,240,240,400,406,321,321,135,135,237,237,103,103,208,210
CONJUNTO2,EXT69,258,264,225,225,268,272,321,321,150,156,237,237,103,103,?,?
CONJUNTO2,EXT70,262,266,?,?,?,?,321,321,162,162,235,235,103,103,208,208
CONJUNTO2,EXT71,?,?,?,?,?,?,317,319,156,156,234,234,103,105,208,208
CONJUNTO2,EXT72,?,?,?,?,?,?,319,319,152,152,235,237,103,103,208,208
CONJUNTO2,EXT73,268,284,194,194,276,276,321,321,152,156,235,235,?,?,?,?
CONJUNTO2,EXT74,272,272,190,190,276,310,318,322,152,152,239,242,103,103,208,208
CONJUNTO2,EXT75,262,278,219,219,?,?,320,318,150,154,209,209,99,103,208,208
CONJUNTO2,EXT76,269,269,313,313,?,?,319,321,150,152,237,239,98,98,209,209
CONJUNTO2,EXT77,270,279,272,272,?,?,319,319,152,152,237,237,103,105,208,208
CONJUNTO2,EXT78,267,276,?,?,265,269,319,323,152,154,237,239,?,?,?,?
CONJUNTO2,EXT79,250,272,188,188,275,279,319,325,150,162,236,237,103,103,?,?
CONJUNTO2,EXT80,280,294,194,194,154,154,319,319,150,162,235,235,102,105,203,209
CONJUNTO2,EXT81,250,272,?,?,275,279,319,323,152,156,230,232,?,?,?,?
CONJUNTO2,EXT82,262,272,245,245,260,260,321,321,152,152,237,239,103,103,209,209
CONJUNTO2,EXT83,272,272,245,245,286,286,321,323,152,152,237,239,103,103,211,211
CONJUNTO2,EXT84,260,268,245,245,275,298,321,323,150,152,237,237,?,?,?,?
CONJUNTO2,EXT85,272,286,245,245,286,286,285,285,?,?,237,237,?,?,?,?
CONJUNTO2,EXT86,254,278,245,245,286,286,327,327,160,160,239,239,103,105,208,208
CONJUNTO2,EXT87,256,272,237,237,256,267,318,320,143,156,237,237,?,?,?,?
CONJUNTO2,EXT88,258,268,280,280,320,320,319,323,150,156,236,237,103,103,208,210
CONJUNTO2,EXT89,251,289,272,272,268,272,320,324,138,152,237,237,101,103,209,209
CONJUNTO2,EXT90,268,272,245,245,?,?,320,322,150,156,236,237,105,105,?,?
CONJUNTO2,EXT91,262,266,214,214,154,154,319,319,150,156,236,237,103,103,209,209
CONJUNTO2,EXT92,268,272,?,?,267,267,320,320,152,160,252,252,103,103,208,208
CONJUNTO2,EXT93,270,270,?,?,275,275,319,319,150,157,237,237,?,?,?,?
CONJUNTO2,EXT94,272,272,?,?,271,271,320,320,152,170,236,241,103,105,208,208
CONJUNTO2,EXT95,261,625,?,?,272,272,317,319,168,168,236,236,99,103,204,209
CONJUNTO2,EXT96,269,275,268,272,?,?,320,322,154,154,236,236,103,103,208,208
CONJUNTO2,EXT97,258,258,236,236,154,154,?,?,147,150,236,236,103,103,208,208
CONJUNTO2,EXT98,269,279,237,237,203,203,317,319,150,150,236,237,103,103,208,208
CONJUNTO2,EXT99,245,279,237,237,173,177,314,314,148,150,236,236,95,103,208,208
CONJUNTO2,EXT100,270,275,150,152,194,202,319,319,150,152,236,236,103,103,206,208
CONJUNTO2,EXT101,237,237,180,237,193,203,209,209,148,150,236,236,?,?,208,208
CONJUNTO2,EXT102,?,?,236,237,177,193,319,321,143,143,236,236,103,103,208,208
CONJUNTO2,EXT103,247,265,236,236,185,193,317,319,152,154,236,236,95,101,208,208
CONJUNTO2,EXT104,262,264,236,236,194,202,319,323,150,150,236,236,103,103,208,208
CONJUNTO2,EXT105,271,271,?,?,154,154,318,323,148,150,236,236,103,103,208,208
CONJUNTO2,EXT106,269,279,?,?,154,154,320,320,152,160,236,236,103,105,208,208
CONJUNTO2,EXT107,257,259,?,?,224,224,?,?,150,155,236,236,96,96,208,208
CONJUNTO2,EXT108,265,269,?,?,?,?,?,?,160,160,236,252,103,103,208,208
CONJUNTO2,EXT109,245,265,?,?,?,?,?,?,152,152,236,236,103,103,208,208
CONJUNTO2,EXT110,265,279,?,?,?,?,?,?,145,152,233,233,91,91,208,208
CONJUNTO2,EXT111,247,265,?,?,272,272,320,320,152,152,236,236,?,?,206,206
CONJUNTO2,EXT112,?,?,272,272,224,224,?,?,156,158,236,238,?,?,208,208
CONJUNTO2,EXT113,252,264,?,?,?,?,319,319,152,152,236,236,103,103,208,208
CONJUNTO2,EXT114,?,?,?,?,?,?,321,327,146,146,232,232,83,83,204,204
CONJUNTO2,EXT115,265,265,194,194,195,195,319,321,150,156,236,236,103,103,208,210
CONJUNTO2,EXT116,?,?,194,194,?,?,319,321,152,152,236,236,?,?,208,208
CONJUNTO2,EXT117,272,272,272,272,271,271,320,320,?,?,?,?,?,?,208,208
CONJUNTO2,EXT118,266,266,270,270,269,269,319,321,?,?,236,236,103,103,209,209
CONJUNTO2,EXT119,267,277,266,270,265,269,319,323,150,160,236,238,103,103,?,?
CONJUNTO2,EXT120,265,265,?,?,264,264,320,324,?,?,236,236,103,103,208,208
CONJUNTO3,EXT121,271,273,?,?,276,276,319,323,147,150,237,237,103,103,208,208
CONJUNTO3,EXT122,271,279,276,276,276,276,319,323,150,150,236,236,97,101,206,208
CONJUNTO3,EXT123,269,269,?,?,?,?,?,?,152,160,236,236,97,101,206,208
CONJUNTO3,EXT124,275,277,236,236,203,203,323,323,150,152,236,236,103,103,208,208
CONJUNTO3,EXT125,257,259,?,?,224,224,?,?,150,155,236,236,96,96,208,208
CONJUNTO3,EXT126,265,269,?,?,?,?,?,?,160,160,236,252,103,103,208,208
CONJUNTO3,EXT127,245,265,?,?,?,?,?,?,152,152,236,236,103,103,208,208
CONJUNTO3,EXT128,265,279,?,?,?,?,?,?,145,152,233,233,91,91,208,208
CONJUNTO3,EXT129,247,265,?,?,272,272,320,320,152,152,236,236,?,?,206,206
CONJUNTO3,EXT130,?,?,272,272,224,224,?,?,156,158,236,238,?,?,208,208
CONJUNTO3,EXT131,252,264,?,?,?,?,319,319,152,152,236,236,103,103,208,208
CONJUNTO3,EXT132,?,?,?,?,?,?,321,327,146,146,232,232,83,83,204,204
CONJUNTO3,EXT133,265,265,194,194,195,195,319,321,150,156,236,236,103,103,208,210
CONJUNTO3,EXT134,?,?,194,194,?,?,319,321,152,152,236,236,?,?,208,208
CONJUNTO3,EXT135,272,272,272,272,271,271,320,320,?,?,?,?,?,?,208,208
CONJUNTO3,EXT136,266,266,270,270,269,269,319,321,?,?,236,236,103,103,209,209
CONJUNTO3,EXT137,267,277,266,270,265,269,319,323,150,160,236,238,103,103,?,?
CONJUNTO3,EXT138,265,265,?,?,264,264,320,324,?,?,236,236,103,103,208,208
CONJUNTO3,EXT139,271,273,?,?,276,276,319,323,147,150,237,237,103,103,208,208
CONJUNTO3,EXT140,271,279,276,276,276,276,319,323,150,150,236,236,97,101,206,208
CONJUNTO3,EXT141,269,269,?,?,?,?,?,?,152,160,236,236,97,101,206,208
CONJUNTO3,EXT142,275,277,236,236,203,203,323,323,150,152,236,236,103,103,208,208
CONJUNTO3,EXT143,272,272,272,272,271,271,320,320,?,?,?,?,?,?,208,208
CONJUNTO3,EXT144,266,266,270,270,269,269,319,321,?,?,236,236,103,103,209,209
CONJUNTO3,EXT145,267,277,266,270,265,269,319,323,150,160,236,238,103,103,?,?
CONJUNTO3,EXT146,265,265,?,?,264,264,320,324,?,?,236,236,103,103,208,208
CONJUNTO3,EXT147,271,273,?,?,276,276,319,323,147,150,237,237,103,103,208,208
CONJUNTO3,EXT148,271,279,276,276,276,276,319,323,150,150,236,236,97,101,206,208
CONJUNTO3,EXT149,269,269,?,?,?,?,?,?,152,160,236,236,97,101,206,208
CONJUNTO3,EXT150,275,277,236,236,203,203,323,323,150,152,236,236,103,103,208,208
CONJUNTO3,EXT151,257,259,?,?,224,224,?,?,150,155,236,236,96,96,208,208
CONJUNTO3,EXT152,265,269,?,?,?,?,?,?,160,160,236,252,103,103,208,208
CONJUNTO3,EXT153,245,265,?,?,?,?,?,?,152,152,236,236,103,103,208,208
CONJUNTO3,EXT154,265,279,?,?,?,?,?,?,145,152,233,233,91,91,208,208
CONJUNTO3,EXT155,247,265,?,?,272,272,320,320,152,152,236,236,?,?,206,206
CONJUNTO3,EXT156,?,?,272,272,224,224,?,?,156,158,236,238,?,?,208,208
CONJUNTO3,EXT157,252,264,?,?,?,?,319,319,152,152,236,236,103,103,208,208
CONJUNTO3,EXT158,?,?,?,?,?,?,321,327,146,146,232,232,83,83,204,204
CONJUNTO3,EXT159,265,265,194,194,195,195,319,321,150,156,236,236,103,103,208,210
CONJUNTO3,EXT160,?,?,194,194,?,?,319,321,152,152,236,236,?,?,208,208
CONJUNTO3,EXT161,272,272,272,272,271,271,320,320,?,?,?,?,?,?,208,208
CONJUNTO3,EXT162,266,266,270,270,269,269,319,321,?,?,236,236,103,103,209,209