conjunto_id	conjunto_cod	conjunto_det	muestra_id	muestra_cod_int	PL139	PL34	PL14	PL216	PL35	PL119	PL3	PL25	PL64
1	RUEDA13|WINTER	RUEDA13|WINTER	1	RUEDA13|WINTER|F102|1	175/193	178/192	112/116	268/268	150/154	183/189	189/199	116/117	174/178
1	RUEDA13|WINTER	RUEDA13|WINTER	2	RUEDA13|WINTER|F104|2	193/193	178/192	118/132	268/298	148/174	177/183	195/199	-9/-9	176/176
1	RUEDA13|WINTER	RUEDA13|WINTER	3	RUEDA13|WINTER|F105|3	191/191	178/200	110/116	262/264	148/184	177/177	183/189	112/112	176/176
1	RUEDA13|WINTER	RUEDA13|WINTER	4	RUEDA13|WINTER|F112|4	193/211	192/200	104/116	268/268	148/149	173/173	189/195	104/108	176/176
1	RUEDA13|WINTER	RUEDA13|WINTER	5	RUEDA13|WINTER|F113|5	191/191	192/200	116/130	268/268	-9/-9	185/185	185/189	104/108	166/180
1	RUEDA13|WINTER	RUEDA13|WINTER	6	RUEDA13|WINTER|F115|6	195/211	176/200	116/124	268/268	150/160	141/201	189/195	110/110	174/180
1	RUEDA13|WINTER	RUEDA13|WINTER	7	RUEDA13|WINTER|F116|7	-9/-9	192/200	116/118	268/268	150/160	-9/-9	189/199	118/142	170/176
1	RUEDA13|WINTER	RUEDA13|WINTER	8	RUEDA13|WINTER|F117|8	227/228	192/200	118/118	198/268	118/148	163/164	189/195	104/112	178/178
1	RUEDA13|WINTER	RUEDA13|WINTER	9	RUEDA13|WINTER|F118|9	213/243	200/200	116/124	268/268	150/160	167/173	189/195	-9/-9	174/178
1	RUEDA13|WINTER	RUEDA13|WINTER	10	RUEDA13|WINTER|F119|10	189/193	178/220	116/116	262/262	150/184	165/173	189/195	110/112	168/188
1	RUEDA13|WINTER	RUEDA13|WINTER	11	RUEDA13|WINTER|F120|11	205/-9	192/212	130/130	268/268	124/150	167/185	189/191	112/130	172/178
1	RUEDA13|WINTER	RUEDA13|WINTER	12	RUEDA13|WINTER|F121|12	189/191	192/200	116/118	268/268	120/152	155/181	189/195	104/110	-9/-9
1	RUEDA13|WINTER	RUEDA13|WINTER	13	RUEDA13|WINTER|F122|13	215/235	200/208	118/130	268/268	152/164	169/187	189/201	104/108	178/190
1	RUEDA13|WINTER	RUEDA13|WINTER	14	RUEDA13|WINTER|F123|14	209/233	212/212	110/116	268/268	204/208	189/189	189/195	104/112	168/174
1	RUEDA13|WINTER	RUEDA13|WINTER	15	RUEDA13|WINTER|F124|15	165/227	192/200	110/116	268/268	152/152	153/163	189/199	104/112	164/186
1	RUEDA13|WINTER	RUEDA13|WINTER	16	RUEDA13|WINTER|F125|16	191/191	180/200	120/120	246/268	216/218	175/191	189/195	104/108	166/176
1	RUEDA13|WINTER	RUEDA13|WINTER	17	RUEDA13|WINTER|F126|17	203/221	178/192	116/130	268/268	152/192	153/185	195/201	104/112	172/184
1	RUEDA13|WINTER	RUEDA13|WINTER	18	RUEDA13|WINTER|F127|18	193/193	178/210	112/120	268/268	152/152	159/197	189/195	108/112	172/182
1	RUEDA13|WINTER	RUEDA13|WINTER	19	RUEDA13|WINTER|F128|19	199/199	200/200	108/116	268/268	152/178	165/179	189/189	104/114	170/186
1	RUEDA13|WINTER	RUEDA13|WINTER	20	RUEDA13|WINTER|F129|20	189/231	200/200	116/116	268/268	152/192	167/185	189/199	104/110	174/182
1	RUEDA13|WINTER	RUEDA13|WINTER	21	RUEDA13|WINTER|F130|21	-9/-9	196/200	116/130	198/268	136/-9	163/185	189/195	104/106	172/172
1	RUEDA13|WINTER	RUEDA13|WINTER	22	RUEDA13|WINTER|F131|22	-9/-9	192/200	118/118	268/268	118/136	157/185	189/195	104/106	-9/-9
1	RUEDA13|WINTER	RUEDA13|WINTER	23	RUEDA13|WINTER|F132|23	-9/-9	-9/-9	-9/-9	268/268	-9/-9	197/197	189/195	104/108	-9/-9
1	RUEDA13|WINTER	RUEDA13|WINTER	24	RUEDA13|WINTER|F133|24	-9/-9	204/208	110/116	268/268	136/176	155/185	189/195	104/110	-9/176
1	RUEDA13|WINTER	RUEDA13|WINTER	25	RUEDA13|WINTER|F134|25	193/213	200/208	110/116	268/268	184/198	159/183	189/195	108/112	170/-9
1	RUEDA13|WINTER	RUEDA13|WINTER	26	RUEDA13|WINTER|F135|26	199/-9	178/-9	114/114	268/268	-9/-9	-9/-9	195/199	-9/-9	-9/-9
1	RUEDA13|WINTER	RUEDA13|WINTER	27	RUEDA13|WINTER|F137|27	-9/-9	176/178	118/118	268/268	152/184	185/193	189/195	104/112	168/172
1	RUEDA13|WINTER	RUEDA13|WINTER	28	RUEDA13|WINTER|F138|28	199/199	178/200	116/118	262/268	136/152	185/185	189/195	104/108	166/166
1	RUEDA13|WINTER	RUEDA13|WINTER	29	RUEDA13|WINTER|F139|29	-9/-9	178/200	116/120	268/268	136/152	177/177	189/195	104/112	172/172
1	RUEDA13|WINTER	RUEDA13|WINTER	30	RUEDA13|WINTER|F140|30	219/220	196/196	116/116	268/268	136/146	-9/-9	189/195	104/112	-9/-9
1	RUEDA13|WINTER	RUEDA13|WINTER	31	RUEDA13|WINTER|F141|31	-9/-9	-9/-9	-9/-9	268/268	152/184	-9/-9	189/195	104/112	170/172
3	RUEDA13|FALL	RUEDA13|FALL	64	RUEDA13|FALL|F492|64	191/239	200/200	118/136	268/268	-9/-9	161/167	197/197	102/118	162/172
3	RUEDA13|FALL	RUEDA13|FALL	65	RUEDA13|FALL|F493|65	187/187	178/202	110/120	268/268	-9/-9	155/165	187/187	106/118	174/200
3	RUEDA13|FALL	RUEDA13|FALL	66	RUEDA13|FALL|F494|66	225/239	192/200	110/110	268/268	-9/-9	167/195	187/205	102/110	180/190
3	RUEDA13|FALL	RUEDA13|FALL	67	RUEDA13|FALL|F523|67	191/191	200/200	116/122	268/268	-9/-9	167/169	197/199	102/110	166/178
3	RUEDA13|FALL	RUEDA13|FALL	68	RUEDA13|FALL|F524|68	233/213	200/208	130/158	268/268	-9/-9	-9/-9	181/187	102/102	164/180
3	RUEDA13|FALL	RUEDA13|FALL	69	RUEDA13|FALL|F567|69	193/197	200/178	112/116	268/268	-9/-9	141/187	187/187	108/114	178/184
3	RUEDA13|FALL	RUEDA13|FALL	70	RUEDA13|FALL|F568|70	225/193	200/178	110/130	268/268	-9/-9	179/181	183/183	114/116	168/176
3	RUEDA13|FALL	RUEDA13|FALL	71	RUEDA13|FALL|F569|71	191/191	200/200	118/118	268/268	-9/-9	183/187	187/187	102/106	184/184
3	RUEDA13|FALL	RUEDA13|FALL	72	RUEDA13|FALL|F570|72	191/231	178/178	114/120	268/268	-9/-9	169/171	187/187	108/114	170/180
3	RUEDA13|FALL	RUEDA13|FALL	73	RUEDA13|FALL|F571|73	197/219	200/232	112/130	268/268	-9/-9	167/183	187/187	116/120	-9/-9
3	RUEDA13|FALL	RUEDA13|FALL	74	RUEDA13|FALL|F572|74	193/207	200/200	120/120	268/268	-9/-9	193/193	187/187	102/108	176/184
3	RUEDA13|FALL	RUEDA13|FALL	75	RUEDA13|FALL|F573|75	211/227	200/200	116/130	268/268	-9/-9	169/181	187/187	102/110	170/188
3	RUEDA13|FALL	RUEDA13|FALL	76	RUEDA13|FALL|F574|76	189/223	200/178	116/130	268/268	-9/-9	171/179	187/201	112/144	174/174
3	RUEDA13|FALL	RUEDA13|FALL	77	RUEDA13|FALL|F575|77	213/239	178/200	116/118	268/268	-9/-9	-9/-9	187/199	102/108	182/190
3	RUEDA13|FALL	RUEDA13|FALL	78	RUEDA13|FALL|F576|78	235/235	200/200	116/136	268/268	-9/-9	155/185	187/199	112/112	172/192
3	RUEDA13|FALL	RUEDA13|FALL	79	RUEDA13|FALL|F577|79	187/231	170/200	110/116	268/268	-9/-9	187/197	187/187	108/108	176/182
3	RUEDA13|FALL	RUEDA13|FALL	80	RUEDA13|FALL|F578|80	191/225	220/220	110/118	268/268	-9/-9	167/169	185/187	106/132	170/174
3	RUEDA13|FALL	RUEDA13|FALL	81	RUEDA13|FALL|F579|81	189/191	200/200	116/118	268/268	-9/-9	171/183	183/199	106/106	174/178
3	RUEDA13|FALL	RUEDA13|FALL	82	RUEDA13|FALL|F580|82	185/221	198/200	112/120	268/268	-9/-9	181/181	187/187	112/122	180/188
3	RUEDA13|FALL	RUEDA13|FALL	83	RUEDA13|FALL|F581|83	225/225	220/220	116/116	268/268	-9/-9	167/173	181/181	102/108	182/204
3	RUEDA13|FALL	RUEDA13|FALL	84	RUEDA13|FALL|F582|84	215/219	178/212	112/130	268/268	-9/-9	-9/-9	183/187	182/182	176/180
3	RUEDA13|FALL	RUEDA13|FALL	85	RUEDA13|FALL|F589|85	213/213	200/200	118/118	268/268	164/164	171/171	189/189	118/128	170/180
3	RUEDA13|FALL	RUEDA13|FALL	86	RUEDA13|FALL|F590|86	193/237	200/200	116/130	198/268	118/148	163/183	189/195	104/108	174/178
3	RUEDA13|FALL	RUEDA13|FALL	87	RUEDA13|FALL|F592|87	201/219	192/200	116/120	268/268	150/178	165/197	189/195	118/118	172/182
3	RUEDA13|FALL	RUEDA13|FALL	88	RUEDA13|FALL|F593|88	189/253	192/200	110/128	268/268	164/164	165/165	189/199	112/122	170/174
3	RUEDA13|FALL	RUEDA13|FALL	89	RUEDA13|FALL|F594|89	219/237	192/200	108/114	268/268	148/178	179/189	189/195	108/128	178/196
3	RUEDA13|FALL	RUEDA13|FALL	90	RUEDA13|FALL|F595|90	191/191	200/220	116/130	268/268	132/148	183/183	189/195	104/122	168/196
3	RUEDA13|FALL	RUEDA13|FALL	91	RUEDA13|FALL|F596|91	219/229	192/200	110/116	268/268	122/150	171/199	189/199	112/114	172/172
3	RUEDA13|FALL	RUEDA13|FALL	92	RUEDA13|FALL|F597|92	227/227	192/200	110/148	268/268	-9/-9	169/185	189/189	120/122	184/196
3	RUEDA13|FALL	RUEDA13|FALL	93	RUEDA13|FALL|F598|93	191/211	200/212	110/160	268/268	150/150	169/191	183/189	110/114	188/188
3	RUEDA13|FALL	RUEDA13|FALL	61	RUEDA13|FALL|F489|61	197/229	192/200	122/128	268/268	-9/-9	167/177	191/199	110/110	164/188
3	RUEDA13|FALL	RUEDA13|FALL	62	RUEDA13|FALL|F490|62	221/221	200/220	110/112	268/268	-9/-9	165/187	199/221	108/108	170/184
3	RUEDA13|FALL	RUEDA13|FALL	63	RUEDA13|FALL|F491|63	227/235	200/208	114/118	268/268	-9/-9	185/195	187/197	108/114	176/184
2	RUEDA13|SPRING	RUEDA13|SPRING	32	RUEDA13|SPRING|F235|32	207/221	192/200	120/122	268/268	150/-9	173/173	195/199	104/108	172/176
2	RUEDA13|SPRING	RUEDA13|SPRING	33	RUEDA13|SPRING|F238|33	205/205	192/200	116/138	268/268	148/154	175/193	189/189	104/112	174/174
2	RUEDA13|SPRING	RUEDA13|SPRING	34	RUEDA13|SPRING|F239|34	189/191	192/200	118/140	268/268	150/-9	165/195	189/199	104/110	178/204
2	RUEDA13|SPRING	RUEDA13|SPRING	35	RUEDA13|SPRING|F240|35	221/225	200/212	110/110	268/268	124/150	185/199	189/189	108/118	164/172
2	RUEDA13|SPRING	RUEDA13|SPRING	36	RUEDA13|SPRING|F241|36	173/241	192/200	138/138	248/270	-9/150	157/163	197/205	124/138	172/176
2	RUEDA13|SPRING	RUEDA13|SPRING	37	RUEDA13|SPRING|F242|37	223/231	200/200	114/116	268/268	150/164	153/165	189/195	114/114	172/186
2	RUEDA13|SPRING	RUEDA13|SPRING	38	RUEDA13|SPRING|F243|38	193/207	178/200	110/116	268/268	150/178	179/187	183/189	104/108	174/200
2	RUEDA13|SPRING	RUEDA13|SPRING	39	RUEDA13|SPRING|F244|39	219/235	200/200	116/130	268/268	124/150	171/187	189/189	104/112	170/180
2	RUEDA13|SPRING	RUEDA13|SPRING	40	RUEDA13|SPRING|F245|40	-9/-9	178/192	114/114	268/294	136/148	167/183	189/195	106/112	172/178
2	RUEDA13|SPRING	RUEDA13|SPRING	41	RUEDA13|SPRING|F246|41	169/193	178/200	124/124	268/268	136/150	155/193	185/189	104/112	166/166
2	RUEDA13|SPRING	RUEDA13|SPRING	42	RUEDA13|SPRING|F247|42	223/223	200/200	110/116	268/268	-9/-9	149/171	189/197	104/112	182/188
2	RUEDA13|SPRING	RUEDA13|SPRING	43	RUEDA13|SPRING|F248|43	197/237	192/192	116/128	198/268	118/150	171/171	189/195	114/134	178/178
2	RUEDA13|SPRING	RUEDA13|SPRING	44	RUEDA13|SPRING|F249|44	221/222	178/200	116/124	268/268	148/148	179/187	189/191	112/116	170/170
2	RUEDA13|SPRING	RUEDA13|SPRING	45	RUEDA13|SPRING|F250|45	-9/-9	200/212	110/120	268/268	150/164	175/187	191/195	104/108	170/174
2	RUEDA13|SPRING	RUEDA13|SPRING	46	RUEDA13|SPRING|F251|46	199/199	200/208	116/122	268/268	150/204	159/167	189/199	108/116	164/174
2	RUEDA13|SPRING	RUEDA13|SPRING	47	RUEDA13|SPRING|F252|47	209/235	202/212	116/116	268/268	150/178	157/165	199/201	108/116	172/172
2	RUEDA13|SPRING	RUEDA13|SPRING	48	RUEDA13|SPRING|F253|48	191/191	200/200	112/116	190/190	122/150	183/213	183/189	104/110	170/170
2	RUEDA13|SPRING	RUEDA13|SPRING	49	RUEDA13|SPRING|F254|49	191/241	200/200	118/122	268/268	148/178	147/171	201/201	104/118	174/194
2	RUEDA13|SPRING	RUEDA13|SPRING	50	RUEDA13|SPRING|F255|50	223/223	192/200	116/130	268/268	122/150	175/181	199/199	114/128	178/178
2	RUEDA13|SPRING	RUEDA13|SPRING	51	RUEDA13|SPRING|F256|51	227/227	200/220	110/116	268/268	150/150	171/183	189/197	108/114	170/186
2	RUEDA13|SPRING	RUEDA13|SPRING	52	RUEDA13|SPRING|F257|52	181/181	192/208	114/114	268/268	150/150	173/189	189/195	108/116	180/180
2	RUEDA13|SPRING	RUEDA13|SPRING	53	RUEDA13|SPRING|F258|53	167/167	178/200	114/114	268/268	150/178	169/169	189/191	112/126	168/168
2	RUEDA13|SPRING	RUEDA13|SPRING	54	RUEDA13|SPRING|F259|54	197/215	192/212	114/114	268/268	184/184	185/197	189/195	116/132	166/188
2	RUEDA13|SPRING	RUEDA13|SPRING	55	RUEDA13|SPRING|F260|55	175/233	192/200	116/116	268/268	160/160	187/215	195/199	110/110	174/196
2	RUEDA13|SPRING	RUEDA13|SPRING	56	RUEDA13|SPRING|F262|56	-9/-9	200/200	114/116	246/268	136/150	185/185	195/199	104/112	168/170
2	RUEDA13|SPRING	RUEDA13|SPRING	57	RUEDA13|SPRING|F263|57	-9/-9	200/200	108/110	262/268	150/184	187/187	185/189	104/110	174/194
2	RUEDA13|SPRING	RUEDA13|SPRING	58	RUEDA13|SPRING|F264|58	195/196	178/200	108/116	268/294	148/184	155/163	189/195	112/112	198/198
2	RUEDA13|SPRING	RUEDA13|SPRING	59	RUEDA13|SPRING|F265|59	193/215	178/212	-9/-9	-9/-9	124/150	155/193	189/189	108/154	166/166
2	RUEDA13|SPRING	RUEDA13|SPRING	60	RUEDA13|SPRING|F266|60	207/219	178/200	116/118	-9/-9	150/184	155/183	189/195	104/104	148/148